"ACETATO DE BETAMETASONA + FOSFATO DISSÓDICO DEBETAMETASONA"	Hypermarcas	CELESTONE SOLUSPAN	172870523	3mg/mL + 3,945mg/mL	sus inj	12/11/2012
""	""	""	""	""	""	""
ACETATO DE CIPROTERONA + ETINILESTRADIOL	Bayer	DIANE 35	170560072	2mg + 0,035mg	drag	12/11/2012
""	""	""	""	""	""	""
"ACETATO E CIPROTERONA + VALERATO DE ESTRADIOL /VALERATO DE ESTRADIOL/"	Bayer	CLIMENE	170560059	1mg + 2mg/2mg	drag	12/11/2012
""	""	""	""	""	""	""
ACETATO DE CLORMADINONA + ETINILESTRADIOL	"Grünenthal do BrasilFarmacêutica Ltda"	BELARA	186100001	2mg + 0,03mg	com rev	12/11/2012
""	""	""	""	""	""	""
"ACETATO DE HIDROCORTISONA + LIDOCAÍNA + OXIDO DE ZINCO+ SUBACETATO DE ALUMÍNIO"	Astrazeneca	XYLOPROCT	116180098	50mg + 2.5mg + 180mg + 35mg	pom ret	12/11/2012
""	""	""	""	""	""	""
ACETATO DE NORETISTERONA + ESTRADIOL	Eurofarma	ACTIVELLE	100431042	0,5mg + 1mg	com rev	1/7/2014
""	""	""	""	""	""	""
ACETATO DE NORETISTERONA + ETINILESTRADIOL	Bayer	PRIMOSISTON	170560071	2mg + 0,01mg	com	12/11/2012
""	""	""	""	""	""	""
ACETILCISTEÍNA + SULFATO DE TUAMINOEPTANO	Zambon	RINOFLUIMUCIL	100840112	10mg/mL + 5mg/mL	sol got nas	12/11/2012
""	""	""	""	""	""	""
ÁCIDO ACETILSALICÍLICO + ÁCIDO ASCÓRBICO	Bayer	ASPIRINA C EFERVESCENTE	104290037	400mg + 240mg	com efev	12/11/2012
""	""	""	""	""	""	""
"ÁCIDO ACETILSALICÍLICO + BICARBONATO DE SÓDIO+ ÁCIDOCÍTRICO"	Bayer	ALKA-SELTZER	170560024	324mg+1625mg+965mg	com efev	12/11/2012
""	""	""	""	""	""	""
"ÁCIDO ACETILSALICÍLICO + MALEATO DE DEXCLORFENIRAMINA +CLORIDRATO DE FENILEFRINA + CAFEÍNA"	Hypermarcas	CORISTINA D	172870485	"400mg/g + 1mg/g + 10mg/g +30mg/g"	com camada tripla	12/11/2012
""	""	""	""	""	""	""
"ÁCIDO BÓRICO + ÁCIDO SALICÍLICO + ENXOFRE + ÓXIDO DEZINCO"	Casa Granado	"POLVILHO ANTI-SÉPTICCOGRANADO"	108170030	"11,735g + 0.352g + 17.602g +11,735g"	po top	12/11/2012
""	""	""	""	""	""	""
ÁCIDO FUSÍDICO + VALERATO DE BETAMETASONA	Leo Pharma	VERUTEX B	185690001	20mg/g + 1mg/g	crem derm	12/11/2012
""	""	""	""	""	""	""
ÁCIDO VALPRÓICO + VALPROATO DE SÓDIO	Torrent	TORVAL CR	105250018	300mg (87mg + 199,80mg)	com lib prolong	5/11/2013
""	""	""	""	""	""	""
ÁCIDO VALPRÓICO + VALPROATO DE SÓDIO	Torrent	TORVAL CR	105250018	500mg (145mg + 333mg)	com lib prolong	5/11/2013
""	""	""	""	""	""	""
ADAPALENO + FOSFATO DE CLINDAMICINA	Glenmark	ADACNE CLIN	110130249	1mg/g + 10mg/g	gel	12/11/2012
""	""	""	""	""	""	""
ADAPALENO + PERÓXIDO DE BENZOÍLA	Galderma	EPIDUO	129160068	1mg/g+ 25mg/g	gel	12/11/2012
""	""	""	""	""	""	""
ALENDRONATO DE SÓDIO + COLECALCIFEROL	Merck Sharp & Dohme	FOSAMAX D	100290180	70mg (ác. alendrônico)/ 5600UI	com	12/11/2012
""	""	""	""	""	""	""
ALENDRONATO DE SÓDIO + COLECALCIFEROL	Merck Sharp & Dohme	FOSAMAX D	100290165	70mg (ác. alendrônico) + 2800UI	com	12/11/2012
""	""	""	""	""	""	""
"ALENDRONATO DE SÓDIO + CARBONATO DE CÁLCIO +COLECALCIFEROL"	Farmoquímica	ALENDIL CÁLCIO D	103900175	70mg + (500 + 2)mg	com + com rev	15/4/2013
""	""	""	""	""	""	""
ALGESTONA ACETOFENIDA + ENANTATO DE ESTRADIOL	Boehringer Ingelheim	PERLUTAN	103670085	150mg/mL + 10mg/mL	sol inj	12/11/2012
""	""	""	""	""	""	""
AMOXICILINA + CLAVULANATO DE POTÁSSIO	Glaxosmithkline	CLAVULIN	101070076	125mg/5mL + 31,25mg/5mL	po sus or	12/11/2012
""	""	""	""	""	""	""
AMOXICILINA + CLAVULANATO DE POTÁSSIO	Glaxosmithkline	CLAVULIN	101070076	250mg/5mL + 62,5mg/5mL	po sus or	12/11/2012
""	""	""	""	""	""	""
AMOXICILINA + CLAVULANATO DE POTÁSSIO	Glaxosmithkline	CLAVULIN	101070076	500mg + 125mg	com rev	12/11/2012
""	""	""	""	""	""	""
AMOXICILINA + CLAVULANATO DE POTÁSSIO	Glaxosmithkline	CLAVULIN BD	101070076	200mg/5mL + 28,5 mg/5 mL	po sus or	12/11/2012
""	""	""	""	""	""	""
AMOXICILINA + CLAVULANATO DE POTÁSSIO	Glaxosmithkline	CLAVULIN BD	101070076	400mg/5mL + 57mg/5 mL	po sus or	12/11/2012
""	""	""	""	""	""	""
AMOXICILINA + CLAVULANATO DE POTÁSSIO	Glaxosmithkline	CLAVULIN BD	101070076	875mg + 125mg	com rev	12/11/2012
""	""	""	""	""	""	""
AMOXICILINA + CLAVULANATO DE POTÁSSIO	Glaxosmithkline	CLAVULIN ES	101070076	600mg/5 mL + 42,9mg/5 mL	po prep extemp	12/11/2012
""	""	""	""	""	""	""
AMOXICILINA + CLAVULANATO DE POTÁSSIO	Glaxosmithkline	CLAVULIN IV	101070076	1000mg + 200mg	po liof sol inj	12/11/2012
""	""	""	""	""	""	""
AMOXICILINA + CLAVULANATO DE POTÁSSIO	Glaxosmithkline	CLAVULIN IV	101070076	500mg + 100mg	po liof sol inj	12/11/2012
""	""	""	""	""	""	""
AMPICILINA SÓDICA + SULBACTAM SÓDICA	Pfizer	UNASYN	102160052	1g + 0,5g	po sol inj	12/11/2012
""	""	""	""	""	""	""
AMPICILINA SÓDICA + SULBACTAM SÓDICA	Pfizer	UNASYN	102160052	2g + 1g	po sol inj	12/11/2012
""	""	""	""	""	""	""
ARTEMÉTER + LUMEFANTRINA	Novartis Biociências	COARTEM	100680103	20mg + 120mg	com	12/11/2012
""	""	""	""	""	""	""
ARTESUNATO + MEFLOQUINA	Fiocruz	"ARTESUNATO +MEFLOQUINAFARMANGUINHOS"	110630124	100mg+220mg	com rev	30/4/2013
""	""	""	""	""	""	""
ARTESUNATO + MEFLOQUINA	Fiocruz	"ARTESUNATO +MEFLOQUINAFARMANGUINHOS"	110630124	25mg+55mg	com rev	30/4/2013
""	""	""	""	""	""	""
ATENOLOL + CLORTALIDONA	Astrazeneca	TENORETIC	116180027	100mg + 25mg	com	12/11/2012
""	""	""	""	""	""	""
ATENOLOL + CLORTALIDONA	Astrazeneca	TENORETIC	116180027	50mg + 12,5mg	com	12/11/2012
""	""	""	""	""	""	""
ATORVASTATINA CÁLCICA + BESILATO DE AMLODIPINA	Pfizer	CADUET	102160106	5mg + 10mg	com rev	12/11/2012
""	""	""	""	""	""	""
"BENZOILMETRONIDAZOL + NISTATINA + CLORETO DEBENZALCÔNICO"	Aché	COLPISTATIN	105730008	"62,5 mg/g + 25.000UI/g + 1,25mg/g"	crem vag	12/11/2012
""	""	""	""	""	""	""
BESILATO DE ANLODIPINO + ATENOLOL	Biosintética	BETALOR	112130324	"5,0 mg (comp rev) + 25 mg(gran)"	cap dura	12/11/2012
""	""	""	""	""	""	""
BESILATO DE ANLODIPINO + ATENOLOL	Biosintética	BETALOR	112130324	"5,0 mg (comp rev) + 50 mg(gran)"	cap dura	12/11/2012
""	""	""	""	""	""	""
BESILATO DE ANLODIPINO + LOSARTANA POTÁSSICA	Biosintética	LOTAR	112130323	2,5mg + 50mg	cap dura	12/11/2012
""	""	""	""	""	""	""
BESILATO DE ANLODIPINO + LOSARTANA POTÁSSICA	Biosintética	LOTAR	112130323	2,5mg + 50mg	cap dura	12/11/2012
""	""	""	""	""	""	""
BESILATO DE ANLODIPINO + LOSARTANA POTÁSSICA	Biosintética	LOTAR	112130323	5,0mg + 50mg	cap dura	12/11/2012
""	""	""	""	""	""	""
BESILATO DE ANLODIPINO + LOSARTANA POTÁSSICA	Biosintética	LOTAR	112130323	5,0mg + 100mg	cap dura	12/11/2012
""	""	""	""	""	""	""
BESILATO DE ANLODIPINO + LOSARTANA POTÁSSICA	Biosintética	LOTAR	112130323	2,5 mg + 100mg	cap dura	12/11/2012
""	""	""	""	""	""	""
BETAMETASONA + MALEATO DE DEXCLORFENIRAMINA	Hypermarcas	CELESTAMINE	172870482	0,05mg/mL + 0,4mg/mL	xpe	12/11/2012
""	""	""	""	""	""	""
BETAMETASONA + MALEATO DE DEXCLORFENIRAMINA	Hypermarcas	CELESTAMINE	172870482	0,25mg + 2mg	com	12/11/2012
""	""	""	""	""	""	""
BIMATOPROSTA + MALEATO DE TIMOLOL	Allergan	GANFORT	101470171	0,3mg/ml + 5,0 mg/ml	sol oft	21/1/2013
""	""	""	""	""	""	""
BISSULFATO DE CLOPIDOGREL+ ÁCIDO ACETILSALICILICO	Sanofi-Aventis	PLAVIX PROTECT	113001072	75mg+100mg	com rev	12/11/2012
""	""	""	""	""	""	""
BRINZOLAMIDA + MALEATO DE TIMOLOL	Novartis Biociências	AZORGA	100681108	10mg/mL + 5mg/mL	sus oft	14/2/2013
""	""	""	""	""	""	""
BROMAZEPAM + SULPIRIDA	Sanofi-Aventis	SULPAN	113000992	1mg + 25mg	cap dura	12/11/2012
""	""	""	""	""	""	""
IPRATRÓPIO (BROMETO) + FENOTEROL (BROMIDRATO)	Boehringer Ingelheim	DUOVENT N	103670050	0,02mg/dose + 0,05mg/dose	sol aer inal or+ inal	12/11/2012
""	""	""	""	""	""	""
"BUTILBROMETO DE ESCOPOLAMINA + DIPIRONA SÓDICA MONO-HIDRATADA"	Boehringer Ingelheim	BUSCOPAN COMPOSTO	103670013	10mg + 250mg	com rev	12/11/2012
""	""	""	""	""	""	""
"BUTILBROMETO DE ESCOPOLAMINA + DIPIRONA SÓDICA MONO-HIDRATADA"	Boehringer Ingelheim	BUSCOPAN COMPOSTO	103670013	20mg + 2,5g	sol inj	12/11/2012
""	""	""	""	""	""	""
"BUTILBROMETO DE ESCOPOLAMINA + DIPIRONA SÓDICA MONO-HIDRATADA"	Boehringer Ingelheim	BUSCOPAN COMPOSTO	103670013	6,67mg/mL + 333,4mg/mL	sol or (got)	12/11/2012
""	""	""	""	""	""	""
BUTILBROMETO DE ESCOPOLAMINA + PARACETAMOL	Boehringer Ingelheim	BUSCODUO	103670096	10mg + 500mg	com rev	12/11/2012
""	""	""	""	""	""	""
CAFEINA ANIDRA + ORFENADRINA (CITRATO) + PARACETAMOL	Sanofi-Aventis	BENOFLEX P	113000184	50mg + 35 ,g + 450mg	com	12/11/2012
""	""	""	""	""	""	""
CANDESARTANA CILEXETILA + FELODIPINO	Astrazeneca	ATACAND COMB	116180235	16mg + 2,5mg	com + com lib prol	1/7/2014
""	""	""	""	""	""	""
CANDESARTANA CILEXETILA + HIDROCLOROTIAZIDA	Astrazeneca	ATACAND HCT	116180083	16mg + 12,5mg	com	12/11/2012
""	""	""	""	""	""	""
CANDESARTANA CILEXETILA + HIDROCLOROTIAZIDA	Astrazeneca	ATACAND HCT	116180083	8,0mg + 12,5mg	com	12/11/2012
""	""	""	""	""	""	""
"CAPROATO DE HIDROXIPROGESTERONA + VALERATO DEESTRADIOL"	Schering do Brasil	GESTADINONA	100200022	250mg/mL + 5mg/mL	sol inj	12/11/2012
""	""	""	""	""	""	""
CAPTOPRIL + HIDROCLOROTIAZIDA	Bristol Myers Squibb	LOPRIL D	101800099	25mg + 12,5mg	com	12/11/2012
""	""	""	""	""	""	""
CAPTOPRIL + HIDROCLOROTIAZIDA	Bristol Myers Squibb	LOPRIL D	101800099	50mg + 25mg	com	12/11/2012
CARBIDOPA + LEVODOPA	Biosintética	CARBIDOPA + LEVODOPA	112130227	25mg + 250mg	com	2/8/2013
CARBIDOPA + LEVODOPA	Merck Sharp & Dohme	CRONOMET	100290017	50mg + 200mg	com lib lenta	12/11/2012
""	""	""	""	""	""	""
"CETOCONAZOL + DIPROPIONATO DE BETAMETASONA +SULFATO DE NEOMICINA"	Aché	NOVACORT	105730012	20mg/g + 0,64mg/g + 2,5mg/g	crem derm	12/11/2012
""	""	""	""	""	""	""
"CETOCONAZOL + DIPROPIONATO DE BETAMETASONA +SULFATO DE NEOMICINA"	Aché	NOVACORT	105730012	20mg/g + 0,64mg/g + 2,5mg/g	pom derm	12/11/2012
""	""	""	""	""	""	""
CETOPROFENO + OMEPRAZOL	Sanofi-Aventis	PROFENID PROTECT	113001131	200mg + 20mg	"cap gel dura microglib prol + microggastrorresistentes"	29/10/2014
""	""	""	""	""	""	""
"CIANOCOBALAMINA + CLORIDRATO DE PIRIDOXINA + NITRATO DETIAMINA + DICLOFENACO SÓDICO"	Merck S/A	ALGINAC	100890271	1 mg + 50 mg + 50 mg + 50 mg	com rev	12/11/2012
""	""	""	""	""	""	""
"CIANOCOBALAMINA + CLORIDRATO DE PIRIDOXINA + NITRATO DETIAMINA + DICLOFENACO SÓDICO"	Merck S/A	ALGINAC	100890271	"1 mg + 100 mg + 100 mg + 100mg"	com rev lib retard	12/11/2012
""	""	""	""	""	""	""
"(CIANOCOBALAMINA + DICLOFENACO SÓDICO) + (CLORIDRATODE PIRIDOXINA + CLORIDRATO DE TIAMINA)"	Merck S/A	ALGINAC	100890271	"(5000mcg + 75 mg) + (100mg +100mg)"	"sol inj(kit 2 ampolas)"	12/11/2012
""	""	""	""	""	""	""
CLINDAMICINA + PERÓXIDO DE BENZOÍLA	Stiefel	CLINDOXYL	106750069	10mg/g + 50mg/g	gel	12/11/2012
""	""	""	""	""	""	""
CLONIXINATO DE LISINA + CLORIDRATO DE CICLOBENZAPRINA	Farmoquímica	DOLAMIN FLEX	103900174	125mg + 5mg	com rev	12/11/2012
""	""	""	""	""	""	""
"CLORANFENICOL + ACETATO DE RETINOL + AMINOÁCIDOS +METIONINA"	Allergan	EPITEZAN	101470062	"5,0mg + 10.000UI + 25mg +5,0mg"	pom oft	12/11/2012
""	""	""	""	""	""	""
CLORETO DE CETILPIRÍDINEO + BENZOCAÍNA	Sanofi-Aventis	CEPACAÍNA	113000176	0,5mg/mL + 4mg/mL	sol or	12/11/2012
""	""	""	""	""	""	""
CLORETO DE CETILPIRÍDINEO + BENZOCAÍNA	Sanofi-Aventis	CEPACAÍNA	113000176	1,466mg + 10mg	past	12/11/2012
""	""	""	""	""	""	""
CLORIDRATO DE BENAZEPRIL + HIDROCLOROTIAZIDA	Novartis Biociências	LOTENSIN H	100680063	10mg + 12,5mg	com rev	12/11/2012
""	""	""	""	""	""	""
CLORIDRATO DE BENAZEPRIL + HIDROCLOROTIAZIDA	Novartis Biociências	LOTENSIN H	100680063	5mg + 6,25mg	com rev	12/11/2012
""	""	""	""	""	""	""
CLORIDRATO DE CICLOBENZAPRINA + CAFEÍNA	Apsen	MIOSAN CAF	101180611	5mg + 30mg	com rev	25/3/2013
""	""	""	""	""	""	""
CLORIDRATO DE CICLOBENZAPRINA + CAFEÍNA	Apsen	MIOSAN CAF	101180611	10mg+60mg	com rev	25/3/2013
""	""	""	""	""	""	""
CLORIDRATO DE CIPROFLOXACINO+ DEXAMETASONA	Novartis Biociências	CILODEX	100681086	"3,5mg/ml eq a 3 mg/ml base+1,0mg/ml"	sus oft	12/11/2012
""	""	""	""	""	""	""
CLORIDRATO DE CIPROFLOXACINO + DEXAMETASONA	Allergan	BIAMOTIL D	101470063	3,5mg/g + 1,0mg/g	pom oft	12/11/2012
""	""	""	""	""	""	""
CLORIDRATO DE CIPROFLOXACINO + DEXAMETASONA	Allergan	BIAMOTIL D	101470063	3,5mg/mL + 1,0mg/mL	sol oft	12/11/2012
""	""	""	""	""	""	""
CLORIDRATO DE CIPROFLOXACINO + HIDROCORTISONA	Alcon	CIPRO HC	100681113	"2,33mg/mL + 10mg/mL (= 2mgde ciprofloxacino)"	sus oto	12/11/2012
CLORIDRATO DE CLOBUTINOL + SUCCINATO DE DOXILAMINA	União Química	"CLORIDRATO DECLOBUTINOL + SUCCINATODE DOXILAMINA"	104971261	4 mg/mL + 0,75 mg/mL	xpe	12/11/2012
""	""	""	""	""	""	""
CLORIDRATO DE CLOBUTINOL + SUCCINATO DE DOXILAMINA	União Química	"CLORIDRATO DECLOBUTINOL + SUCCINATODE DOXILAMINA"	104970287	48 mg/mL + 9 mg/mL	sol or	12/11/2012
"CLORIDRATO DE DIFENIDRAMINA + CLORETO DE AMÔNIO +CITRATO DE SÓDIO"	Johnson & Johnson	BENALET	157210012	5mg + 50mg + 10mg	past	12/11/2012
""	""	""	""	""	""	""
CLORIDRATO DE DORZOLAMIDA + MALEATO DE TIMOLOL	Merck Sharp & Dohme	COSOPT	100290023	20mg/mL + 5,0mg/mL	sol oft	12/11/2012
""	""	""	""	""	""	""
"CLORIDRATO DE FEXOFENADINA + CLORIDRATO DEPSEUDOEFEDRINA"	Sanofi-Aventis	ALLEGRA D	113000262	60mg +120mg	"com rev camadadupla"	12/11/2012
""	""	""	""	""	""	""
"CLORIDRATO DE ISOMETEPTENO + DIPIRONA SÓDICA + CAFEÍNAANIDRA"	Takeda	NEOSALDINA	106390231	"50mg/mL + 300mg/mL +30mg/mL"	sol or	12/11/2012
""	""	""	""	""	""	""
"CLORIDRATO DE LEVOBUPIVACAÍNA + HEMITARTARATO DEEPINEFRINA"	Cristália	"NOVABUPI C/ VASOCONSTRICTOR"	102980160	0,25% + 9,1mcg/mL	sol inj	12/11/2012
""	""	""	""	""	""	""
"CLORIDRATO DE LEVOBUPIVACAÍNA + HEMITARTARATO DEEPINEFRINA"	Cristália	"NOVABUPI C/ VASOCONSTRICTOR"	102980160	0,5% + 9,1mcg/mL	sol inj	12/11/2012
""	""	""	""	""	""	""
"CLORIDRATO DE LEVOBUPIVACAÍNA + HEMITARTARATO DEEPINEFRINA"	Cristália	"NOVABUPI C/ VASOCONSTRICTOR"	102980160	0,75% + 9,1mcg/mL	sol inj	12/11/2012
""	""	""	""	""	""	""
CLORIDRATO DE LIDOCAÍNA + CLORETO DE BENZALCÔNIO	3M do BRASIL	NEXCARE	102070085	25mg/mL + 1,30mg/mL	sol top (spr)	12/11/2012
""	""	""	""	""	""	""
CLORIDRATO DE METFORMINA + GLIBENCLAMIDA	Merck S/A	GLUCOVANCE	100890270	250mg + 1,25mg	com rev	12/11/2012
""	""	""	""	""	""	""
CLORIDRATO DE METFORMINA + GLIBENCLAMIDA	Merck S/A	GLUCOVANCE	100890270	500mg + 2,5mg	com rev	12/11/2012
""	""	""	""	""	""	""
CLORIDRATO DE METFORMINA + GLIBENCLAMIDA	Merck S/A	GLUCOVANCE	100890270	500mg + 5,0mg	com rev	12/11/2012
""	""	""	""	""	""	""
CLORIDRATO DE METFORMINA + GLIBENCLAMIDA	Merck S/A	GLUCOVANCE	100890270	1000mg + 5,0mg	com rev	21/1/2013
""	""	""	""	""	""	""
CLORIDRATO DE METFORMINA + LINAGLIPTINA	Boehringer Ingelheim	TRAYENTA DUO	103670170	2,5mg + 500mg	com rev	10/12/2014
""	""	""	""	""	""	""
CLORIDRATO DE METFORMINA + LINAGLIPTINA	Boehringer Ingelheim	TRAYENTA DUO	103670170	2,5mg + 850mg	com rev	10/12/2014
""	""	""	""	""	""	""
CLORIDRATO DE METFORMINA + LINAGLIPTINA	Boehringer Ingelheim	TRAYENTA DUO	103670170	2,5mg + 1000mg	com rev	10/12/2014
""	""	""	""	""	""	""
CLORIDRATO DE METOCLOPRAMIDA + DIMETICONA + PEPSINA	Aché	DIGEPLUS	105730365	7mg + 40mg + 50mg	cap dura	12/11/2012
""	""	""	""	""	""	""
"CLORIDRATO DE MOXIFLOXACINO+ FOSFATO DEDEXAMETASONA"	Novartis Biociências	VIGADEXA	100681102	5mg/mL + 1mg/mL	sol oft	12/11/2012
""	""	""	""	""	""	""
CLORIDRATO DE NAFAZOLINA + MALEATO DE FENIRAMINA	Novartis Biociências	CLARIL	100681115	0,25mg/mL+ 3mg/mL	sol oft	12/11/2012
""	""	""	""	""	""	""
"CLORIDRATO DE NAFAZOLINA + SULFATO DE ZINCOHEPTAIDRATADO"	Sanofi-Aventis	COLÍRIO MOURA BRASIL	113000179	0,15mg/mL +0,30mg/mL	sol oft	12/11/2012
""	""	""	""	""	""	""
CLORIDRATO DE OXITETRACICLINA + HIDROCORTISONA	Pfizer	TERRA CORTRIL	102160021	30mg/g + 10mg/g	pom top	12/11/2012
""	""	""	""	""	""	""
CLORIDRATO DE OXITETRACICLINA + LlDOCAÍNA	Pfizer	TERRAMICINA	102160025	100mg/mL + 20mg/mL	sol inj	12/11/2012
""	""	""	""	""	""	""
CLORIDRATO DE OXITETRACICLINA + SULFATO DE POLIMIXINA B	Pfizer	TERRAMICINA	102160024	30mg/g + 10.000U/g	pom top	12/11/2012
""	""	""	""	""	""	""
CLORIDRATO DE OXITETRACICLINA + SULFATO DE POLIMIXINA B	Pfizer	TERRAMICINA	102160024	5mg/g + 10.000U/g	pom oft	12/11/2012
""	""	""	""	""	""	""
"CLORID ATO DE PIRIDOXINA + CLORIDRATO DE TIAMINA(AMPOLA 1) + CIANOCOBALAMINA + FOSFATO DEDEXAMETASONA (AMPOLA 2)D"	Merck S/A	DEXA-CITONEURIN NFF	100890378	"100mg + 100mg (ampola 1) +5mg + 4,37mg (ampola 2)"	"Sol. Inj. (Kit 2ampolas)"	1/7/2014
""	""	""	""	""	""	""
CLORIDRATO DE PROPRANOLOL + HIDROCLOROTIAZIDA	Sigma Pharma	TENADREN	135690231	40 mg + 12,5 mg	com	12/11/2012
""	""	""	""	""	""	""
CLORIDRATO DE PROPRANOLOL + HIDROCLOROTIAZIDA	Sigma Pharma	TENADREN	135690231	80 mg +12,5 mg	com	12/11/2012
""	""	""	""	""	""	""
CLORIDRATO DE TRAMADOL + PARACETAMOL	Janssen Cilag	ULTRACET	112363356	37,5 mg + 325 mg	com rev	12/11/2012
""	""	""	""	""	""	""
CLOTRIMAZOL + ACETATO DE DEXAMETASONA	Bayer	BAYCUTEN-N	170560023	10mg/g + 0,443mg/g	crem derm	12/11/2012
""	""	""	""	""	""	""
COBAMAMIDA + CLORIDRATO DE CIPROEPTADINA	Abbott	COBAVITAL	105530344	1mg + 4mg	com	12/11/2012
""	""	""	""	""	""	""
COBAMAMIDA + CLORIDRATO DE CIPROEPTADINA	Abbott	COBAVITAL	105530344	0,8mg/mL + 4mg/g	xpe	12/11/2012
""	""	""	""	""	""	""
DESLORATADINA + SULFATO DE PSEUDOEFEDRINA	Merck Sharp & Dohme	DESALEX D12	100290187	2,5 mg + 120 mg	com rev	21/1/2013
""	""	""	""	""	""	""
DESOGESTREL + ETINILESTRADIOL	Schering-Plough	GRACIAL	101710082	"0,025mg + 0,04mg (com branco)+ 0,125mg + 0,03mg (com azul)"	com	12/11/2012
""	""	""	""	""	""	""
DESOGESTREL + ETINILESTRADIOL	Schering-Plough	MERCILON CONTI	101710102	"150+20 µg (com branco) / 0+10µg (com amarelo)"	com rev	12/11/2012
""	""	""	""	""	""	""
DESOXIMETASONA + SULFATO DE NEOMICINA	Sanofi-Aventis	ESPERSON N	113000038	2,5 mg + 7,1 mg	pom derm	12/11/2012
""	""	""	""	""	""	""
"DEXAMETASONA + SULFATO DE NEOMICINA + SULFATO DEPOLIMIXINA B"	Novartis Biociências	MAXITROL	100681106	"1mg/mL + 5,0 mg/mL + 6.000UI/mL"	sus oft	12/11/2012
""	""	""	""	""	""	""
"DEXAMETASONA + SULFATO DE NEOMICINA + SULFATO DEPOLIMIXINA B"	Novartis Biociências	MAXITROL	100681106	"1mg/mL + 5,0 mg/mL + 6.000UI/mL"	pom oft	12/11/2012
""	""	""	""	""	""	""
DICLOFENADO SÓDICO + FOSFATO DE CODEÍNA	Novartis Biociências	CODATEN	100680898	50mg + 50 mg	com rev	12/11/2012
""	""	""	""	""	""	""
DIISETIONATO DE HEXAMIDINA + CLORIDRATO DE TETRACAINA	Sanofi-Aventis	HEXOMEDINE	113000076	1mg/mL + 0,5mg/mL	colut spr	12/11/2012
""	""	""	""	""	""	""
DIMENIDRINATO + CLORIDRATO DE PIRIDOXINA	Takeda	DRAMIN B6	106390242	25 mg/mL + 5 mg/mL	sol or	12/11/2012
""	""	""	""	""	""	""
DIMENIDRINATO + CLORIDRATO DE PIRIDOXINA	Takeda	DRAMIN B6	106390242	50 mg + 10 mg	com rev	12/11/2012
""	""	""	""	""	""	""
DIMENIDRINATO + CLORIDRATO DE PIRIDOXINA	Takeda	DRAMIN B6	106390242	50 mg/mL + 50 mg/mL	sol inj	12/11/2012
""	""	""	""	""	""	""
"DIMENIDRINATO + CLORIDRATO DE PIRIDOXINA + GLICOSE +FRUTOSE"	Takeda	DRAMIN B6 DL	106390241	"3 mg/mL + 5 mg/mL + 100mg/mL + 100 mg/mL"	sol inj	12/11/2012
""	""	""	""	""	""	""
DIPIRONA SÓDICA + CAFEÍNA	Cosmed	CAFILISADOR	178170097	500mg + 65mg	com	12/11/2012
""	""	""	""	""	""	""
"DIPIRONA SÓDICA MONO-HIDRATADA + CAFEÍNA ANIDRA +CITRATO DE ORFENADRINA"	Sanofi-Aventis	DORFLEX	113000183	"300 mg + 50mg +35mg"	com	12/11/2012
""	""	""	""	""	""	""
"DIPIRONA SÓDICA MONO-HIDRATADA + CAFEÍNA ANIDRA +CITRATO DE ORFENADRINA"	Sanofi-Aventis	DORFLEX	113000183	"300mg/ml 50mg/ml+ + 35mg/ml"	sol or	12/11/2012
""	""	""	""	""	""	""
"DIPIRONA SÓDICA + MESILATO DE DIIDROERGOTAMINA+CAFEÍNA"	Aché	CEFALIV	105730069	350mg + 1mg + 100mg	com	12/11/2012
"DIPROPIONATO DE BECLOMETASONA + FUMARATO DEFOMOTOROL DIIDRATADO"	Chiesi	FOSTAIR	100580114	100 + 6mcg/dose	aer or + disp or	23/9/2014
"DIPROPIONATO DE BECLOMETASONA + FUMARATO DEFOMOTOROL DIIDRATADO"	Chiesi	FOSTAIR	100580114	100 + 6mcg/dose	pó inal + disp or	23/9/2014
"DIPROPIONATO DE BECLOMETASONA + SULFATO DESALBUTAMOL"	Chiesi	"CLENIL COMPOSITUM HFASPR"	100580116	50mcg /dose+100mcg/dose	sol aer inal or + inal	12/11/2012
"DIPROPIONATO DE BECLOMETASONA + SULFATO DESALBUTAMOL"	Chiesi	"CLENIL COMPOSITUM HFAJET"	100580116	50mcg /dose+100mcg/dose	sol aer inal or + espç	12/11/2012
"DIPROPIONATO DE BECLOMETASONA + SULFATO DESALBUTAMOL"	Chiesi	"CLENIL COMPOSITUM HFASPR JET"	100580116	50mcg /dose+100mcg/dose	"sol aer inal + inal +espç"	12/11/2012
"DIPROPIONATO DE BECLOMETASONA + SULFATO DESALBUTAMOL"	Chiesi	"CLENIL COMPOSITUM HFAJET"	100580116	250mcg/dose +100mcg/dose	sol aer inal or + espç	12/11/2012
"DIPROPIONATO DE BECLOMETASONA + SULFATO DESALBUTAMOL"	Chiesi	"CLENIL COMPOSITUM HFASPR JET"	100580116	250mcg/dose +100mcg/dose	"sol aer inal + inal +espç"	12/11/2012
"DIPROPIONATO DE BECLOMETASONA + SULFATO DESALBUTAMOL"	Chiesi	"CLENIL COMPOSITUM HFASPR"	100580116	250mcg/dose +100mcg/dose	sol aer inal or+ inal	12/11/2012
DIPROPIONATO DE BETAMETASONA + ÁCIDO SALICÍLICO	Hypermarcas	DIPROSALIC	172870516	0,64mg + 20mg	sol top	12/11/2012
DIPROPIONATO DE BETAMETASONA + ÁCIDO SALICÍLICO	Hypermarcas	DIPROSALIC	172870516	0,64mg + 30mg	pom derm	12/11/2012
"DIPROPIONATO DE BETAMETASONA + FOSFATO DISSÓDICO DEBETAMETASONA"	Hypermarcas	DIPROSPAN	172870480	5,0mg/mL + 2,0mg/mL	sus inj	12/11/2012
"DIPROPIONATO DE BETAMETASONA + SULFATO DEGENTAMICINA"	Hypermarcas	DIPROGENTA	172870489	0,64mg + 1mg	crem derm	12/11/2012
"DIPROPIONATO DE BETAMETASONA + SULFATO DEGENTAMICINA"	Hypermarcas	DIPROGENTA	172870489	0,64mg + 1mg	pom derm	12/11/2012
DROSPIRENONA + ETINILESTRADIOL	Bayer	YASMIN	170560070	3mg + 0,03mg	com rev	12/11/2012
DROSPIRENONA + ETINILESTRADIOL (BETADEXCLATRATO)	Bayer	YAZ	170560069	3mg + 0,02mg	com rev	12/11/2012
DUTASTERIDA + CLORIDRATO DE TANSULOSINA	Glaxosmithkline	COMBODART	101070287	0,5mg+ 0,4mg	cap dura	23/7/2013
EBASTINA + CLORIDRATO DE PSEUDOEFEDRINA	Eurofarma	EBASTEL D	100430759	10mg + 120mg	cap dura	12/11/2012
ENANTATO DE NORETISTERONA + VALERATO DE ESTRADIOL	Bayer	MESIGYNA	170560043	50mg/mL + 5mg/mL	sol ole inj	12/11/2012
ENTRICITABINA + FUMARATO DE TENOFOVIR DESOPROXILA	United Medical Ltda	TRUVADA	125760021	200mg+300mg	com rev	10/5/2013
ESTRADIOL + DIDROGESTERONA	Abbott	FEMOSTON CONTI	105530349	1mg + 5mg	com rev	12/11/2012
ESTRADIOL + DIDROGESTERONA	Abbott	FEMOSTON	105530349	"1mg + 0mg (com branco) + 1mg+ 10mg (com cinca)"	com rev	12/11/2012
ESTRADIOL ( VALERATO) + DIENOGESTE	Bayer	QLAIRA	170560049	3mg+2mg/2mg+3mg/1mg	com rev	21/1/2013
ESTRADIOL + GESTODENO	Bayer	AVADEN	170560044	1mg + 0mg + 1mg + 0,025mg	com rev	12/11/2012
ESTRADIOL HEMIHIDRATADO + ACETATO DE NOMEGESTROL	Merck Sharp & Dohme	STEZZA	100290186	1,5mg + 2,5mg	com rev	31/7/2014
ESTRADIOL (HEMIHIDRATO) + ACETATO DE NORESTISTERONA	Novartis Biociências	ESTALIS	100680152	50mcg + 140mcg	ades	12/11/2012
ESTRADIOL HEMIHIDRATO + ACETATO DE NORESTISTERONA	Bayer	CLIANE	170560056	2mg + 1mg	com rev	12/11/2012
ESTRADIOL HEMIIDRATADO + DROSPIRENONA	Bayer	ANGELIQ	170560039	1mg + 2mg	com rev	12/11/2012
ESTRADIOL+ ESTRADIOL+ TRIMEGESTONA	Wyeth	TOTELLE CICLO	121100228	1mg+1mg+0,250mg	drag	12/11/2012
ESTRADIOL + TRIMEGESTONA	Wyeth	TOTELLE	121100228	1mg+0,125mg	drag	12/11/2012
ETINILESTRADIOL + ETONOGESTREL	Shering Plough	NUVARING	101710101	2,7mg+11,7mg	anel vag	12/11/2012
ETINILESTRADIOL + DESOGESTREL	Akzo Organon	MERCILON	101710068	0,02mg + 0,15mg	com	12/11/2012
ETINILESTRADIOL + DESOGESTREL	Akzo Organon	MICRODIOL	101710049	0,03mg + 0,15mg	com	12/11/2012
ETINILESTRADIOL + DROSPIRENONA	Libbs	ELANI	100330124	0,03m + 3mg	com rev	21/1/2013
ETINILESTRADIOL + GESTODENO	Bayer	FEMIANE	170560060	0,020mg + 0,075mg	drag	12/11/2012
ETINILESTRADIOL + GESTODENO	Wyeth	MINESSE	121100125	0,015mg + 0,060mg	com rev	12/11/2012
ETINILESTRADIOL + GESTODENO	Wyeth	MINULET	121100005	0,030mg + 0,075mg	drag	12/11/2012
ETINILESTRADIOL + NORELGESTROMINA	Janssen Cilag	EVRA	112363359	0,6mg + 6mg	ades	12/11/2012
ETINILESTRADIOL + NORETINDRONA	Sanval	CICLOVULON	107140241	0,05mg + 0,25mg	com	12/11/2012
""	""	""	""	""	""	""
EZETIMIBA + SINVASTATINA	Merck Sharp & Dohme	VYTORIN	100290135	10mg + 10mg	com	12/11/2012
""	""	""	""	""	""	""
EZETIMIBA + SINVASTATINA	Merck Sharp & Dohme	VYTORIN	100290135	10mg + 20mg	com	12/11/2012
""	""	""	""	""	""	""
EZETIMIBA + SINVASTATINA	Merck Sharp & Dohme	VYTORIN	100290135	10mg + 40mg	com	12/11/2012
""	""	""	""	""	""	""
EZETIMIBA + SINVASTATINA	Merck Sharp & Dohme	VYTORIN	100290135	10mg + 80mg	com	12/11/2012
""	""	""	""	""	""	""
FLUOCINOLONA ACETONIDA + HIDROQUINONA + TRETINOÍNA	Galderma	TRI-LUMA	129160048	0,1mg/g + 40mg/g + 0,5mg/g	crem derm	12/11/2012
""	""	""	""	""	""	""
"FLUOCINOLONA ACETONIDA + SULFATO DE POLIMIXINA B +SULFATO DE NEOMICINA + CLORIDRATO DE LIDOCAÍNA"	Roche	OTOSYNALAR	101000562	"0,250mg/mL + 10.000UI/mL +3,5mg/mL + 20mg/mL"	sol oto	12/11/2012
""	""	""	""	""	""	""
FOSFATO DE SITAGLIPTINA + CLORIDRATO DE METFORMINA	Merck Sharp & Dohme	JANUMET	100290177	50mg + 500mg	com rev	12/11/2012
""	""	""	""	""	""	""
FOSFATO DE SITAGLIPTINA + CLORIDRATO DE METFORMINA	Merck Sharp & Dohme	JANUMET	100290177	50 mg +850 mg	com rev	12/11/2012
""	""	""	""	""	""	""
FOSFATO DE SITAGLIPTINA + CLORIDRATO DE METFORMINA	Merck Sharp & Dohme	JANUMET	100290177	50 mg +1000 mg	com rev	12/11/2012
""	""	""	""	""	""	""
FORMOTEROL FUMARATO DIIDRATADO + BUDESONIDA	Astrazeneca	SYMBICORT TURBUHALER	116180106	12mcg/dose + 400mcg/dose	inal po inal or	12/11/2012
""	""	""	""	""	""	""
FORMOTEROL FUMARATO DIIDRATADO + BUDESONIDA	Astrazeneca	SYMBICORT TURBUHALER	116180106	6 mcg /dose + 100mcg/dose	inal po inal or	12/11/2012
""	""	""	""	""	""	""
FORMOTEROL FUMARATO DIIDRATADO + BUDESONIDA	Astrazeneca	SYMBICORT TURBUHALER	116180106	6 mcg /dose+ 200mcg/dose	inal po inal or	12/11/2012
""	""	""	""	""	""	""
FUMARATO DE FORMOTEROL DIIDRATADO + BUDESONIDA	Biosintética	ALENIA	112130399	6mcg/dose + 100mcg/dose	"cap dura po inal or +inal"	12/11/2012
""	""	""	""	""	""	""
FUMARATO DE FORMOTEROL DIIDRATADO + BUDESONIDA	Biosintética	ALENIA	112130399	6mcg/dose + 200mcg/dose	"cap dura po inal or +inal"	12/11/2012
""	""	""	""	""	""	""
FUMARATO DE FORMOTEROL DIIDRATADO + BUDESONIDA	Novartis Biociências	FORASEQ	100680156	12mcg/dose + 200mcg/dose	"cap dura po inal or +inal"	12/11/2012
""	""	""	""	""	""	""
FUMARATO DE FORMOTEROL DIIDRATADO + BUDESONIDA	Novartis Biociências	FORASEQ	100680156	12mcg/dose + 400mcg/dose	"cap dura po inal or +inal"	12/11/2012
""	""	""	""	""	""	""
FORMOTEROL FUMARATO DIIDRATADO + BUDESONIDA	Astrazeneca	VANNAIR	116180234	6 mcg /dose+100mcg/dose	inal sus aer inal or	12/11/2012
""	""	""	""	""	""	""
FORMOTEROL FUMARATO DIIDRATADO + BUDESONIDA	Astrazeneca	VANNAIR	116180234	6 mcg /dose+200mcg/dose	inal sus aer inal or	12/11/2012
""	""	""	""	""	""	""
"MOMETASONA (FUROATO) + FORMOTEROL( FUMARATODIIDRATADO)"	Schering-Plough	ZENHALE	101710195	50 mcg/ dose+5mcg/dose	sus aer inal or +inal	12/11/2012
""	""	""	""	""	""	""
"MOMETASONA (FUROATO) + FORMOTEROL( FUMARATODIIDRATADO)"	Schering-Plough	ZENHALE	101710195	100 mcg/dose+5mcg/dose	sus aer inal or +inal	12/11/2012
""	""	""	""	""	""	""
"MOMETASONA (FUROATO) + FORMOTEROL( FUMARATODIIDRATADO)"	Schering-Plough	ZENHALE	101710195	200 mcg/dose+5mcg/dose	sus aer inal or +inal	12/11/2012
""	""	""	""	""	""	""
GATIFLOXACINO + ACETATO DE PREDNISOLONA	Allergan	ZYPRED	101470175	3mg/ml + 10mg/ml	sus oft	24/6/2013
""	""	""	""	""	""	""
GLIMEPIRIDA + METFORMINA (CLORIDRATO)	Aché	MERITOR	105730377	2,0+1000 mg / 4,0+1000 mg	com rev	12/11/2012
""	""	""	""	""	""	""
HEMIFUMARATO DE BISOPROLOL + HIDROCLOROTIAZIDA	Merck S/A	BICONCOR	100890201	10mg + 6,25mg	com rev	12/11/2012
""	""	""	""	""	""	""
HEMIFUMARATO DE BISOPROLOL + HIDROCLOROTIAZIDA	Merck S/A	BICONCOR	100890201	2,5mg + 6,25mg	com rev	12/11/2012
""	""	""	""	""	""	""
HEMIFUMARATO DE BISOPROLOL + HIDROCLOROTIAZIDA	Merck S/A	BICONCOR	100890201	5mg + 6,25mg	com rev	12/11/2012
""	""	""	""	""	""	""
HIALURONIDASE + VALERATO DE BETAMETASONA	Apsen	POSTEC	101180164	150 UTR/g + 2,5mg/g	pom	12/11/2012
""	""	""	""	""	""	""
"HIDRATO DE CALCIPOTRIOL + DIPROPIONATO DEBETAMETASONA"	Leo Pharma	DAIVOBET	185690004	50mcg/g + 0,5mg/g	pom	1/7/2014
""	""	""	""	""	""	""
"HIDROCORTISONA + SULFATO DE NEOMICINA + SULFATO DEPOLIMIXINA B"	Farmoquímica	OTOSPORIN	103900154	10.000UI + 5mg/mL + 10mg/mL	sups otol	31/3/2013
""	""	""	""	""	""	""
HIDROCLOROTIAZIDA + CLORIDRATO DE AMILORIDA	Merck Sharp & Dohme	MODURETIC	100290137	25mg + 2,5mg	com	12/11/2012
""	""	""	""	""	""	""
HIDROCLOROTIAZIDA + CLORIDRATO DE AMILORIDA	Merck Sharp & Dohme	MODURETIC	100290137	50mg + 5,0mg	com	12/11/2012
""	""	""	""	""	""	""
IMIPENEM + CILASTATINA SÓDICA	Merck Sharp & Dohme	TIENAM	100290026	500mg + 500mg	po sol infus i.v.	1/7/2014
""	""	""	""	""	""	""
IRBESARTANA + HIDROCLOROTIAZIDA	Sanofi-Aventis	APROZIDE	113001004	150mg + 12,5mg	com	12/11/2012
""	""	""	""	""	""	""
IRBESARTANA + HIDROCLOROTIAZIDA	Sanofi-Aventis	APROZIDE	113001004	300 mg + 12,5 mg	com	12/11/2012
""	""	""	""	""	""	""
IRBESARTANA + HIDROCLOROTIAZIDA	Sanofi-Aventis	APROZIDE	113001004	300 mg + 25 mg	com	1/7/2014
""	""	""	""	""	""	""
ISETIONATO DE HEXAMIDINA + CLORIDRATO DE TETRACAÍNA	Sanofi-Aventis	HEXOMEDINE	113000076	1mg/ml +0,5mg/ml	spr or	1/7/2014
""	""	""	""	""	""	""
ISOTRETINOINA + ERITROMICINA	Stiefel	ISOTREXIN	106750057	0,5mg/g + 20,0mg/g	gel	12/11/2012
""	""	""	""	""	""	""
LAMIVUDINA + FUMARATO DE TENOFOVIR DESOPROXILA	Blanver	DUPLIVIR	115240002	300mg+300mg	com rev	1/7/2014
""	""	""	""	""	""	""
LAMIVUDINA + ZIDOVUDINA	Glaxosmithkline	BIOVIR	101070214	150mg + 300mg	com rev	12/11/2012
""	""	""	""	""	""	""
LANSOPRAZOL +CLARITROMICINA +AMOXICILINA (TRIIDRATADA )	Medley	PYLORIPAC	101810319	30mg + 500mg + 500mg	"cap dura lib retard +comp rev + cap dura"	12/11/2012
""	""	""	""	""	""	""
LANSOPRAZOL + LEVOFLOXACINO + AMOXICILINA (TRIIDRATADA)	Medley	PyLORIPAC RETRAT	101810579	30mg+500mg+500mg	"cap gel dura libretard + comp rev +cap dura"	12/11/2012
""	""	""	""	""	""	""
LATANOPROSTA + MALEATO DE TIMOLOL	Pfizer	XALACON	102160149	50mcg/mL + 5mg/mL	sol oft	12/11/2012
""	""	""	""	""	""	""
LEVODOPA + CARBIDOPA + ENTACAPONA	Novartis Biociências	STALEVO	100680962	50mg+12,5mg+200mg	com rev	12/11/2012
""	""	""	""	""	""	""
LEVODOPA + CARBIDOPA + ENTACAPONA	Novartis Biociências	STALEVO	100680962	100mg + 25mg + 200mg	com rev	12/11/2012
""	""	""	""	""	""	""
LEVODOPA + CARBIDOPA + ENTACAPONA	Novartis Biociências	STALEVO	100680962	150mg + 37,5mg + 200mg	com rev	12/11/2012
""	""	""	""	""	""	""
LEVODOPA + CLORIDRATO DE BENSERAZIDA	Roche	PROLOPA	101000064	200mg + 50mg	com	12/11/2012
""	""	""	""	""	""	""
LEVODOPA + CLORIDRATO DE BENSERAZIDA	Roche	PROLOPA BD	101000064	100mg + 25mg	com	23/7/2013
""	""	""	""	""	""	""
LEVODOPA + CLORIDRATO DE BENSERAZIDA	Roche	PROLOPA	101000064	100mg + 25mg	com sus	10/12/2014
""	""	""	""	""	""	""
LEVODOPA + CLORIDRATO DE BENSERAZIDA	Roche	PROLOPA HBS	101000064	100mg + 25mg	cap dura	12/11/2012
""	""	""	""	""	""	""
LEVONOGESTREL + ETINILESTRADIOL	Bayer	NEOVLAR	170560062	0,25mg + 0,05mg	drag	12/11/2012
""	""	""	""	""	""	""
LEVONORGESTREL + ETINILESTRADIOL	Biolab Sanus	LEVEL	109740115	0,10mg + 0,02mg	com rev	12/11/2012
""	""	""	""	""	""	""
LEVONORGESTREL + ETINILESTRADIOL	Wyeth	NORDETTE	121100001	0,15mg + 0,03mg	drag	12/11/2012
""	""	""	""	""	""	""
LEVONORGESTREL + ETINILESTRADIOL	Wyeth	EVANOR	121100028	0,25mg + 0,05mg	com	12/11/2012
""	""	""	""	""	""	""
LEVONORGESTREL + ETINILESTRADIOL	Schering do Brasil	TRIQUILAR	100200054	"0,05mg + 0,03mg (drag a) +0,075mg + 0,04mg (drag b) +0,125mg + 0,03mg (drag c)"	drag	12/11/2012
""	""	""	""	""	""	""
LIDOCAÍNA + PRILOCAÍNA	Astrazeneca	EMLA	116180087	25mg/g + 25mg/g	crem derm	12/11/2012
""	""	""	""	""	""	""
LIDOCAÍNA + TETRACAÍNA	Galderma	PLIAGLIS	129160070	70mg/g + 70mg/g	crem derm	10/12/2014
""	""	""	""	""	""	""
LISINOPRIL + HIDROCLOROTIAZIDA	Merck Sharp & Dohme	PRINZIDE	100290131	10mg + 12,5mg	com	12/11/2012
""	""	""	""	""	""	""
LISINOPRIL + HIDROCLOROTIAZIDA	Merck Sharp & Dohme	PRINZIDE	100290131	20mg + 12,5mg	com	12/11/2012
""	""	""	""	""	""	""
LOPINAVIR + RITONAVIR	Abbvie	KALETRA	198600010	100 mg+ 25 mg	com rev	12/11/2012
""	""	""	""	""	""	""
LOPINAVIR + RITONAVIR	Abbvie	KALETRA	198600010	200 mg +50 mg	com rev	12/11/2012
""	""	""	""	""	""	""
LOPINAVIR + RITONAVIR	Abbvie	KALETRA	198600010	80mg/mL + 20mg/mL	sol or	12/11/2012
""	""	""	""	""	""	""
LORATADINA + SULFATO DE PSEUDOEFEDRINA	Brainfarma	CLARITIN D	155840443	10mg + 240mg	com rev	12/11/2012
""	""	""	""	""	""	""
LORATADINA + SULFATO DE PSEUDOEFEDRINA	Brainfarma	CLARITIN D	155840443	1mg/mL + 12mg/mL	xpe	12/11/2012
""	""	""	""	""	""	""
LORATADINA + SULFATO DE PSEUDOEFEDRINA	Brainfarma	CLARITIN D	155840443	5mg + 120mg	drag	12/11/2012
""	""	""	""	""	""	""
LOSARTANA POTÁSSICA + BESILATO DE ANLODIPINO	Torrent	BRANTA	105250032	50mg +5mg	com rev	16/5/2013
""	""	""	""	""	""	""
LOSARTAN POTÁSSICO + HIDROCLOROTIAZIDA	Merck Sharp & Dohme	HYZAAR	100290013	100mg + 25mg	com rev	12/11/2012
""	""	""	""	""	""	""
LOSARTAN POTÁSSICO + HIDROCLOROTIAZIDA	Merck Sharp & Dohme	HYZAAR	100290013	50mg + 12,5mg	com rev	12/11/2012
""	""	""	""	""	""	""
"MALEATO DE BRONFENIRAMINA + CLORIDRATO DEPSEUDOEFEDRINA"	Wyeth	DIMETAPP (ELX)	121100089	0,2mg/mL + 3mg/mL	elx	12/11/2012
""	""	""	""	""	""	""
"MALEATO DE BRONFENIRAMINA + CLORIDRATO DEPSEUDOEFEDRINA"	Wyeth	DIMETAPP (GELCAPS)	121100089	4mg + 60mg	cap mole	12/11/2012
""	""	""	""	""	""	""
"MALEATO DE BRONFENIRAMINA + CLORIDRATO DEPSEUDOEFEDRINA"	Wyeth	DIMETAPP (GOTAS)	121100089	0,2mg/mL + 3mg/mL	sol or	12/11/2012
""	""	""	""	""	""	""
MALEATO DE DEXCLORFENIRAMINA + BETAMETASONA	Mantecorp	CELESTAMINE	172870482	2,0mg + 0,25mg	com	12/11/2012
""	""	""	""	""	""	""
MALEATO DE DEXCLORFENIRAMINA + BETAMETASONA	Mantecorp	CELESTAMINE	172870482	0,4mg/mL + 0,05mg/mL	xpe	12/11/2012
""	""	""	""	""	""	""
MALEATO DE ENALAPRIL + BESILATO DE ANLODIPINO	Biosintética	SINERGEN	112130218	2,5mg + 10mg	cap dura	12/11/2012
""	""	""	""	""	""	""
MALEATO DE ENALAPRIL + BESILATO DE ANLODIPINO	Biosintética	SINERGEN	112130218	5,0mg + 10mg	cap dura	12/11/2012
""	""	""	""	""	""	""
MALEATO DE ENALAPRIL + BESILATO DE ANLODIPINO	Biosintética	SINERGEN	112130218	5,0mg + 20mg	cap dura	12/11/2012
""	""	""	""	""	""	""
MALEATO DE ENALAPRIL + HIDROCLOROTIAZIDA	Merck Sharp & Dohme	CO-RENITEC	100290002	10mg + 25mg	com	12/11/2012
""	""	""	""	""	""	""
MALEATO DE ENALAPRIL + HIDROCLOROTIAZIDA	Merck Sharp & Dohme	CO-RENITEC	100290002	20mg + 12,5mg	com	12/11/2012
""	""	""	""	""	""	""
MEDROXIPROGESTERONA + ESTRADIOL	Millet Roux	CYCLOFEMINA	103970071	25mg/0,5ml + 5mg/0,5ml	sus inj	12/11/2012
""	""	""	""	""	""	""
MEPARTRICINA + CLORIDRATO DE TETRACICLINA	Aché	TRICANGINE-A	105730331	5000UI/g + 20mg/g	crem vag	12/11/2012
""	""	""	""	""	""	""
MESILATO DE DIIDROERGOTAMINA + PARACETAMOL + CAFEÍNA	Novartis Biociências	PARCEL	100680086	1mg + 450mg + 40mg	drag	12/11/2012
""	""	""	""	""	""	""
"MESILATO DE DIIDROERGOTAMINA + PARACETAMOL + CAFEÍNA +CLORIDRATO DE METOCLOPRAMIDA"	Aché	CEFALIUM	105730005	1mg + 450mg + 75mg +10mg	com	12/11/2012
""	""	""	""	""	""	""
MESILATO DE DOXASOZINA +FINASTERIDA	Eurofarma	DUOMO HP	100431076	2mg+ 5mg	cap gel dura	19/4/2013
""	""	""	""	""	""	""
METRONIDAZOL + NISTATINA	Sanofi-Aventis	FLAGYL NISTATINA	113000286	100mg/g + 20.000U/g	crem vag	12/11/2012
""	""	""	""	""	""	""
METRONIDAZOL + NITRATO DE MICONAZOL	Bayer	GYNOTRAN	170560079	150mg+40mg	crem vag	1/7/2014
""	""	""	""	""	""	""
METRONIDAZOL + NITRATO DE MICONAZOL	Bayer	GYNOTRAN	170560079	750mg+200mg	ovl vag	1/7/2014
""	""	""	""	""	""	""
"MUCATO DE ISOMETEPTENO + DIPIRONA SÓDICA + CAFEÍNAANIDRA"	Takeda	NEOSALDINA	106390231	30mg + 300mg + 30mg	drag	12/11/2012
""	""	""	""	""	""	""
NAPROXENO + ESOMEPRAZOL MAGNÉSIO TRI-HIDRATADO	Astrazeneca	VIMOVO	116180240	500mg +20mg	com rev	1/7/2014
""	""	""	""	""	""	""
NISTATINA + ÓXIDO DE ZINCO	Takeda	DERMODEX	106390260	100.000U/g + 200mg/g	pom derm	13/3/2013
""	""	""	""	""	""	""
NORETISTERONA + VALERATO DE ESTRADIOL MICRONIZADO	Novartis Biociências	MERIGEST	100680094	2mg + 0,7mg	com rev	12/11/2012
""	""	""	""	""	""	""
NORGESTREL + ETINILESTRADIOL	Wyeth	ANFERTIL	121100027	0,5mg + 0,05mg	com	12/11/2012
""	""	""	""	""	""	""
OLMESARTANA MEDOXOMILA + ANLODIPINO	Daiichi Sankyo	BENICARANLO	104540175	20mg + 5mg	com rev	12/11/2012
""	""	""	""	""	""	""
OLMESARTANA MEDOXOMILA + ANLODIPINO	Daiichi Sankyo	BENICARANLO	104540175	40mg + 5mg	com rev	12/11/2012
""	""	""	""	""	""	""
OLMESARTANA MEDOXOMILA + ANLODIPINO	Daiichi Sankyo	BENICARANLO	104540175	40mg +10mg	com rev	12/11/2012
""	""	""	""	""	""	""
OLMESARTANA MEDOXOMILA + HIDROCLOROTIAZIDA	Sankyo Pharma	BENICAR HCT	104540173	20mg + 12,5mg	com rev	12/11/2012
""	""	""	""	""	""	""
OLMESARTANA MEDOXOMILA + HIDROCLOROTIAZIDA	Sankyo Pharma	BENICAR HCT	104540173	40mg + 12,5mg	com rev	12/11/2012
""	""	""	""	""	""	""
OLMESARTANA MEDOXOMILA + HIDROCLOROTIAZIDA	Sankyo Pharma	BENICAR HCT	104540173	40mg + 25mg	com rev	12/11/2012
PARACETAMOL + CAFEÍNA	Johnson & Johnson	TYLENOL DC	157210015	500mg + 65mg	com rev	2/8/2013
PARACETAMOL + CAFEÍNA ANIDRA	Glaxosmithkline	SONRIDOR CAF	101070220	500mg + 65mg	com efev	31/1/2013
""	""	""	""	""	""	""
PARACETAMOL + ÁCIDO ACETILSALICILICO+ CAFEÍNA	Novartis Biociências	CIBALENA A	100681077	250mg+250mg+65mg	com rev	12/11/2012
""	""	""	""	""	""	""
"PARACETAMOL + CARISOPRODOL + DICLOFENACO SÓDICO +CAFEÍNA ANIDRA"	Aché	TANDRILAX	105730055	"300mg + 125mg +50mg + 30mg"	com	12/11/2012
"PARACETAMOL + CLORIDRATO DE FENILEFRINA+ MALEATO DECARBINOXAMINA"	União Química	NASALIV	104971164	40mg/mL + 1mg/mL+ 0,4 mg/mL	sol or	5/5/2015
"PARACETAMOL + CLORIDRATO DE FENILEFRINA (com amarelo) +PARACETAMOL + MALEATO DE CARBINOXAMINA (com laranja)"	Bristol Myers Squibb	NALDECON NOITE	101800146	"400mg + 20mg (com amarelo) +400mg + 4mg (com laranja)"	com	12/11/2012
""	""	""	""	""	""	""
"PARACETAMOL + CLORIDRATO DE FENILEFRINA (COM AMARELO)+ PARACETAMOL (COM BRANCO)"	Bristol Myers Squibb	NALDECON DIA	101800278	"400mg + 20mg (com amarelo) +400mg (com branco)"	com	12/11/2012
""	""	""	""	""	""	""
"PARACETAMOL + CLORIDRATO DE FENILEFRINA (com amarelo) +PARACETAMOL + MALEATO DE CARBINOXAMINA (com laranja)"	Bristol Myers Squibb	NALDECON PACK	101800394	"400mg + 20mg (com amarelo) +400mg + 4mg (com laranja)+400mg (com branco)"	com	12/11/2012
"PARACETAMOL + CLORIDRATO DE FENILEFRINA + MALEATO DECLORFENIRAMINA"	Pharmascience	RESFEDRYL	117170010	400mg/5g + 4mg/5g + 4mg/ 5g	po sol or	23/7/2013
"PARACETAMOL + CLORIDRATO DE FENILEFRINA + MALEATO DECLORFENIRAMINA"	Kley Hertz	RESFENOL	106890135	400mg + 4mg + 4mg	cap gel dura	23/7/2013
""	""	""	""	""	""	""
"PARACETAMOL + CLORIDRATO DE FENILEFRINA + MALEATO DECLORFENIRAMINA"	Kley Hertz	RESFENOL	106890135	"40mg/mL + 0,6mg/mL +0,6mg/mL"	solç or	23/7/2013
""	""	""	""	""	""	""
PARACETAMOL + CLORIDRATO DE PSEUDOEFEDRINA	Janssen Cilag	TYLENOL SINUS	157210016	500mg + 30mg	com rev	12/11/2012
""	""	""	""	""	""	""
PARACETAMOL+ CLORZOXAZONA	Janssen Cilag	PARALON	112363329	300mg + 200mg	com	12/11/2012
""	""	""	""	""	""	""
PARACETAMOL + FOSFATO DE CODEINA	Janssen Cilag	TYLEX	112363332	500mg + 30mg	com	12/11/2012
""	""	""	""	""	""	""
PARACETAMOL + FOSFATO DE CODEÍNA	Janssen Cilag	TYLEX	112363332	500mg + 7,5mg	com	12/11/2012
""	""	""	""	""	""	""
PARACETAMOL + PROPIFENAZONA + CAFEÍNA	Roche	SARIDON	170560050	250mg + 150mg + 50mg	com	12/11/2012
""	""	""	""	""	""	""
PERINDOPRIL + INDAPAMIDA	Servier	COVERSYL PLUS	112780056	4mg + 1,25mg	com	12/11/2012
""	""	""	""	""	""	""
PIPERACILINA SÓDICA + TAZOBACTAM SÓDICA	Wyeth	TAZOCIN	121100095	2g + 250mg	po liof sol inj	12/11/2012
""	""	""	""	""	""	""
PIPERACILINA SÓDICA + TAZOBACTAM SÓDICA	Wyeth	TAZOCIN	121100095	4g + 500mg	po liof sol inj	12/11/2012
""	""	""	""	""	""	""
PIVALATO DE FLUOCORTOLONA + CLORIDRATO DE LIDOCAÍNA	Bayer	ULTRAPROCT LDO	170560083	1mg/g + 20mg/g	crem ret	29/10/2014
""	""	""	""	""	""	""
PIVALATO DE FLUOCORTOLONA + CLORIDRATO DE LIDOCAÍNA	Bayer	ULTRAPROCT LDO	170560083	1mg/g + 40mg/g	sup ret	29/10/2014
""	""	""	""	""	""	""
POLICRESULENO + CLORIDRATO DE CINCHOCAÍNA	Takeda	PROCTYL	106390111	50mg/g + 10mg/g	pom ret	12/11/2012
""	""	""	""	""	""	""
POLICRESULENO + CLORIDRATO DE CINCHOCAÍNA	Takeda	PROCTYL	106390111	100mg/g + 27mg/g	sup	12/11/2012
""	""	""	""	""	""	""
RAMIPRIL + HIDROCLOROTIAZIDA	Libbs	NAPRIX D	100330094	5mg + 12,5mg	com	12/11/2012
""	""	""	""	""	""	""
RAMIPRIL + HIDROCLOROTIAZIDA	Libbs	NAPRIX D	100330000	5mg + 25mg	cap dura	10/12/2014
""	""	""	""	""	""	""
RAMIPRIL + BESILATO DE ANLODIPINO	Libbs	NAPRIX A	100330096	10mg + 10mg	cap dura	12/11/2012
""	""	""	""	""	""	""
RAMIPRIL + BESILATO DE ANLODIPINO	Libbs	NAPRIX A	100330096	2,5mg + 5mg	cap dura	12/11/2012
""	""	""	""	""	""	""
RAMIPRIL + BESILATO DE ANLODIPINO	Libbs	NAPRIX A	100330096	10mg + 5mg	cap dura	12/11/2012
""	""	""	""	""	""	""
RAMIPRIL + BESILATO DE ANLODIPINO	Libbs	NAPRIX A	NAPRIX A	5mg + 5mg	cap dura	12/11/2012
""	""	""	""	""	""	""
SAXAGLIPTONA + CLORIDRATO DE METFORMINA	Bristol Myers Squibb	KOMBIGLYZE XR	101800403	2,5mg + 1000mg	com rev	23/9/2014
""	""	""	""	""	""	""
SAXAGLIPTONA + CLORIDRATO DE METFORMINA	Bristol Myers Squibb	KOMBIGLYZE XR	101800403	5mg + 500mg	com rev	23/9/2014
""	""	""	""	""	""	""
SAXAGLIPTONA + CLORIDRATO DE METFORMINA	Bristol Myers Squibb	KOMBIGLYZE XR	101800403	5mg + 1000mg	com rev	23/9/2014
""	""	""	""	""	""	""
SUCCINATO DE METOPROLOL + HIDROCLOROTIAZIDA	Astrazeneca	SELOPRESS ZOK	116180072	95mg + 12,5mg	com rev lib control	12/11/2012
""	""	""	""	""	""	""
SULFADIAZINA DE PRATA + NITRATO DE CÉRIO	Silvestre	DERMACERIUM	118360006	10mg/g + 4mg/g	crem derm	12/11/2012
""	""	""	""	""	""	""
SULFAMETOXAZOL + TRIMETOPRIMA	Roche	BACTRIM	101000008	400mg + 80mg	com	12/11/2012
""	""	""	""	""	""	""
SULFAMETOXAZOL + TRIMETOPRIMA	Roche	BACTRIM	101000008	40mg/mL + 8mg/mL	sups or	12/11/2012
""	""	""	""	""	""	""
SULFAMETOXAZOL + TRIMETOPRIMA	Roche	BACTRIM	101000008	800mg + 160mg	com	12/11/2012
""	""	""	""	""	""	""
SULFAMETOXAZOL + TRIMETOPRIMA	Roche	BACTRIM	101000008	80mg/mL + 16mg/mL	sups or	12/11/2012
""	""	""	""	""	""	""
"SULFATO DE GENTAMICINA + FOSFATO DISSÓDICO DEBETAMETASONA"	Hypermarcas	GARASONE	172870518	3mg/mL + 1mg/mL	sol oft (got)	12/11/2012
""	""	""	""	""	""	""
SULFATO DE NEOMICINA + ACETATO DE CLOSTEBOL	Pfizer	TROFODERMIN	102160154	5mg/g + 5mg/g	crem derm	12/11/2012
""	""	""	""	""	""	""
SULFATO DE NEOMICINA + ACETATO DE CLOSTEBOL	Pfizer	TROFODERMIN	102160154	5mg/g + 5mg/g	crem vag	12/11/2012
""	""	""	""	""	""	""
SULFATO DE NEOMICINA + BACITRACINA ZÍNCICA	Takeda	NEBACETIN	106390252	"5mg/g (= 3,5mg/g neomicina) +250UI/g"	pom derm	10/5/2013
""	""	""	""	""	""	""
"SULFATO DE NEOMICINA + SULFATO DE POLIMIXINA + NISTATINA+ TINIDAZOL"	Abbott	POLIGINAX	105530354	"35.000UI + 35.000UI + 100.000UI+ 150mg"	crem vag	12/11/2012
""	""	""	""	""	""	""
SULFATO DE SALBUTAMOL + GUAIFENESINA	Glaxosmithkline	AEROFLUX	101070195	0,48mg/mL + 20mg/mL	sol or	12/11/2012
""	""	""	""	""	""	""
SULFATO DE TERBUTALINA + GUAIFENESINA	Astrazeneca	BRICANYL COMPOSTO	116180103	0,3mg/mL + 13,3mg/mL	xpe	12/11/2012
""	""	""	""	""	""	""
TARTARATO DE BRIMONIDINA + MALEATO DE TIMOLOL	Allergan	COMBIGAN	101470162	2,0 mg/mL + 5,0 mg/mL	sol oft	12/11/2012
""	""	""	""	""	""	""
TARTARATO DE METOPROLOL + HIDROCLOROTIAZIDA	Astrazeneca	SELOPRESS	116180072	100mg+12,5mg	com	12/11/2012
""	""	""	""	""	""	""
TELMISARTANA + HIDROCLOROTIAZIDA	Boehringer Ingelheim	MICARDIS HCT	103670134	80 mg + 25 mg	com	12/11/2012
""	""	""	""	""	""	""
TELMISARTANA + HIDROCLOROTIAZIDA	Boehringer Ingelheim	MICARDIS HCT	103670134	40 mg + 12,5 mg	com	12/11/2012
""	""	""	""	""	""	""
TELMISARTANA + HIDROCLOROTIAZIDA	Boehringer Ingelheim	MICARDIS HCT	103670134	80 mg + 12,5 mg	com	12/11/2012
""	""	""	""	""	""	""
TELMISARTANA + BESILATO DE ANLODIPINO	Boehringer Ingelheim	MICARDIS ANLO	103670166	40mg+ 5 mg	com	21/1/2013
""	""	""	""	""	""	""
TELMISARTANA + BESILATO DE ANLODIPINO	Boehringer Ingelheim	MICARDIS ANLO	103670166	80mg+ 5 mg	com	21/1/2013
""	""	""	""	""	""	""
TELMISARTANA + BESILATO DE ANLODIPINO	Boehringer Ingelheim	MICARDIS ANLO	103670166	80mg+ 10 mg	com	21/1/2013
""	""	""	""	""	""	""
TICARCILINA + ÁCIDO CLAVULÂNICO	Glaxosmithkline	TIMENTIN	101070075	3g + 0,1g	pó estéril para sol inj	12/11/2012
""	""	""	""	""	""	""
TINIDAZOL + TIOCONAZOL	Pfizer	CARTRAX	102160047	30mg/g + 20mg/g	crem vag	12/11/2012
""	""	""	""	""	""	""
TIOCONAZOL+ TINIDAZOL+ SECNIDAZOL	Farmoquímica	GYNOPAC	103900165	20mg/g+30mg/g+1g (2 comp)	crem vag + comp rev	12/11/2012
""	""	""	""	""	""	""
TIOCONAZOL+ TINIDAZOL+ SECNIDAZOL	Farmoquímica	GYNOPAC plus	103900165	20mg/g+30mg/g+1g ( 4comp)	crem vag + comp rev	12/11/2012
""	""	""	""	""	""	""
TOBRAMICINA + DEXAMETASONA	Novartis Biociências	TOBRADEX	100681098	3mg + 1,0mg	sus oft	12/11/2012
""	""	""	""	""	""	""
TOBRAMICINA + DEXAMETASONA	Novartis Biociências	TOBRADEX	100681098	3mg/g + 1,0mg/g	pom oft	12/11/2012
""	""	""	""	""	""	""
TRAVOPROSTA + MALEATO DE TIMOLOL	Novartis Biociências	DUO-TRAVATAN	100681104	0,04mg/ml + 5,0mg/ml	sol oft	21/1/2013
""	""	""	""	""	""	""
TRETINOÍNA + FOSFATO DE CLINDAMICINA	Theraskin	VITACID ACNE	101910303	"0,25 MG/G + 12 MG/G (EQ.10MG/G)"	Gel	12/11/2012
""	""	""	""	""	""	""
"TRIANCINOLONA ACETONIDA + SULFATO DE NEOMICINA +GRAMICIDINA + NISTATINA"	Bristol Myers Squibb	OMCILON-A “M”	101800084	"1mg/g + 2,5mg/g + 0,25mg/g +100.000 U/g"	crem derm	12/11/2012
""	""	""	""	""	""	""
"TRIANCINOLONA ACETONIDA + SULFATO DE NEOMICINA +GRAMICIDINA + NISTATINA"	Bristol Myers Squibb	OMCILON-A “M”	101800084	"1mg/g + 2,5mg/g + 0,25mg/g +100.000 U/g"	pom derm	12/11/2012
""	""	""	""	""	""	""
TRIBENOSÍDEO + CLORIDRATO DE LIDOCAÍNA	Novartis Biociências	PROCTO-GLYVENOL	100680070	50mg/g + 20mg/g	crem	23/9/2014
""	""	""	""	""	""	""
VALERATO DE BETAMETASONA + CLIOQUINOL	Glaxosmithkline	BETNOVATE Q	101070215	1mg/g + 30mg/g	crem derm	12/11/2012
""	""	""	""	""	""	""
VALERATO DE BETAMETASONA + CLIOQUINOL	Glaxosmithkline	BETNOVATE Q	101070215	1mg/g + 30mg/g	pom derm	12/11/2012
""	""	""	""	""	""	""
"VALERATO DE BETAMETASONA + SULFATO DE GENTAMICINA +TOLNAFTATO + CLIOQUINOL"	Hypermarcas	QUADRIDERM	172870507	"0,5mg/g + 1mg/g + 10mg/g +10mg/g"	crem derm	12/11/2012
""	""	""	""	""	""	""
"VALERATO DE BETAMETASONA + SULFATO DE GENTAMICINA +TOLNAFTATO + CLIOQUINOL"	Hypermarcas	QUADRIDERM	172870507	"0,5mg/g + 1mg/g + 10mg/g +10mg/g"	pom derm	12/11/2012
""	""	""	""	""	""	""
VALERATO DE BETAMETASONA + SULFATO DE NEOMICINA	Glaxosmithkline	BETNOVATE N	101070216	1mg/g + 5mg/g	pom derm	12/11/2012
""	""	""	""	""	""	""
VALERATO DE BETAMETASONA + SULFATO DE NEOMICINA	Glaxosmithkline	BETNOVATE N	101070216	1mg/g + 5mg/g	crem derm	12/11/2012
""	""	""	""	""	""	""
VALSARTANA + BESILATO DE ANLODIPINO	Novartis Biociências	DIOVAN AMLO	100680943	80mg + 5,0mg	com rev	12/11/2012
""	""	""	""	""	""	""
VALSARTANA + BESILATO DE ANLODIPINO	Novartis Biociências	DIOVAN AMLO	100680943	160mg + 5,0mg	com rev	12/11/2012
""	""	""	""	""	""	""
VALSARTANA + BESILATO DE ANLODIPINO	Novartis Biociências	DIOVAN AMLO FIX	100681053	80mg + 5mg	com rev	12/11/2012
""	""	""	""	""	""	""
VALSARTANA + BESILATO DE ANLODIPINO	Novartis Biociências	DIOVAN AMLO FIX	100681053	160mg + 5,0mg	com rev	12/11/2012
""	""	""	""	""	""	""
VALSARTANA + BESILATO DE ANLODIPINO	Novartis Biociências	DIOVAN AMLO FIX	100681053	160mg + 10,0mg	com rev	12/11/2012
""	""	""	""	""	""	""
VALSARTANA + BESILATO DE ANLODIPINO	Novartis Biociências	DIOVAN AMLO FIX	100681053	320mg + 5,0mg	com rev	12/11/2012
""	""	""	""	""	""	""
VALSARTANA + BESILATO DE ANLODIPINO	Novartis Biociências	DIOVAN AMLO FIX	100681053	320mg + 10,0mg	com rev	12/11/2012
""	""	""	""	""	""	""
VALSARTANA + HIDROCLOROTIAZIDA	Novartis Biociências	DIOVAN HCT	100680097	160mg + 12,5mg	com rev	12/11/2012
""	""	""	""	""	""	""
VALSARTANA + HIDROCLOROTIAZIDA	Novartis Biociências	DIOVAN HCT	100680097	160mg + 25mg	com rev	12/11/2012
""	""	""	""	""	""	""
VALSARTANA + HIDROCLOROTIAZIDA	Novartis Biociências	DIOVAN HCT	100680097	80mg + 12,5mg	com rev	12/11/2012
""	""	""	""	""	""	""
VALSARTANA + HIDROCLOROTIAZIDA	Novartis Biociências	DIOVAN HCT	100680097	320mg + 12,5mg	com rev	12/11/2012
""	""	""	""	""	""	""
VALSARTANA + HIDROCLOROTIAZIDA	Novartis Biociências	DIOVAN HCT	100680097	320mg + 25mg	com rev	12/11/2012
""	""	""	""	""	""	""
VALSARTANA+HIDROCLOROTIAZIDA+ BESILATO DE ANLODIPINO	Novartis Biociências	DIOVAN TRIPLO	100681061	160 mg+12,5 mg+5mg	com + com rev	12/11/2012
""	""	""	""	""	""	""
VALSARTANA+HIDROCLOROTIAZIDA+ BESILATO DE ANLODIPINO	Novartis Biociências	DIOVAN TRIPLO	100681061	160 mg+12,5 mg+10mg	com + com rev	12/11/2012
""	""	""	""	""	""	""
VALSARTANA+HIDROCLOROTIAZIDA+ BESILATO DE ANLODIPINO	Novartis Biociências	DIOVAN TRIPLO	100681061	"16 mg+ 25 mg+ 5mgc"	com + com rev	12/11/2012
""	""	""	""	""	""	""
VALSARTANA+HIDROCLOROTIAZIDA+ BESILATO DE ANLODIPINO	Novartis Biociências	DIOVAN TRIPLO	100681061	160 mg+ 25 mg+10mg	com + com rev	12/11/2012
""	""	""	""	""	""	""
VALSARTANA+HIDROCLOROTIAZIDA+ BESILATO DE ANLODIPINO	Novartis Biociências	EXFORGE HCT	100681082	160mg + 12,5mg + 5mg	com rev	9/9/2015
""	""	""	""	""	""	""
VALSARTANA+HIDROCLOROTIAZIDA+ BESILATO DE ANLODIPINO	Novartis Biociências	EXFORGE HCT	100681082	160mg + 12,5mg + 10mg	com rev	9/9/2015
""	""	""	""	""	""	""
VALSARTANA+HIDROCLOROTIAZIDA+ BESILATO DE ANLODIPINO	Novartis Biociências	EXFORGE HCT	100681082	160mg + 25mg + 5mg	com rev	9/9/2015
""	""	""	""	""	""	""
VALSARTANA+HIDROCLOROTIAZIDA+ BESILATO DE ANLODIPINO	Novartis Biociências	EXFORGE HCT	100681082	160mg + 25mg + 10mg	com rev	9/9/2015
""	""	""	""	""	""	""
VALSARTANA+HIDROCLOROTIAZIDA+ BESILATO DE ANLODIPINO	Novartis Biociências	EXFORGE HCT	100681082	320mg + 25mg + 10mg	com rev	9/9/2015
""	""	""	""	""	""	""
VILDAGLIPTINA + CLORIDRATO DE METFORMINA	Novartis Biociências	GALVUS MET	100681059	50+500 / 50+850 / 50+1000 mg	com rev	12/11/2012
XINAFOATO DE SALMETEROL + PROPIONATO DE FLUTICASONA	Glaxosmithkline	SERETIDE DISKUS	101070230	50 mcg /dose+ 100 mcg /dose	inal po inal or	12/11/2012
XINAFOATO DE SALMETEROL + PROPIONATO DE FLUTICASONA	Glaxosmithkline	SERETIDE DISKUS	101070230	50 mcg/dose + 250 mcg/dose	inal po inal or	12/11/2012
XINAFOATO DE SALMETEROL + PROPIONATO DE FLUTICASONA	Glaxosmithkline	SERETIDE DISKUS	101070230	50 mcg /dose+ 500 mcg/dose	inal po inal or	12/11/2012
XINAFOATO DE SALMETEROL + PROPIONATO DE FLUTICASONA	Glaxosmithkline	SERETIDE spr	101070230	25 mcg/dose + 125 mcg/dose	sups aer inal or + inal	12/11/2012
XINAFOATO DE SALMETEROL + PROPIONATO DE FLUTICASONA	Glaxosmithkline	SERETIDE spr	101070230	25 mcg/dose+ 250 mcg/dose	sups aer inal or + inal	12/11/2012
XINAFOATO DE SALMETEROL + PROPIONATO DE FLUTICASONA	Glaxosmithkline	SERETIDE spr	101070230	25 mcg/dose+ 50 mcg/dose	sups aer inal or + inal	12/11/2012
